{
  "format_version": 1,
  "reference_face": [26.0, 26.0, 1448.0, 948.0],
  "lower_mask": {
    "boundary_normalized": [
      [0.0179558011, 0.9261603376],
      [0.1546961326, 0.9261603376],
      [0.3273480663, 0.9219409283],
      [0.4309392265, 0.9008438819],
      [0.5000000000, 0.8924050633],
      [0.5690607735, 0.9008438819],
      [0.6726519337, 0.9219409283],
      [0.8453038674, 0.9261603376],
      [0.9820441989, 0.9261603376]
    ],
    "bottom_normalized": 1.0
  },
  "classic_gradient": {
    "top_rgba": [232, 216, 183, 255],
    "middle_rgba": [250, 242, 221, 255],
    "bottom_rgba": [222, 205, 172, 255],
    "middle_stop": 0.50,
    "glow_center": [750.0, 400.0],
    "glow_radius": 900.0,
    "glow_inner_rgba": [255, 250, 235, 205],
    "glow_outer_rgba": [255, 250, 235, 0],
    "vignette_center": [750.0, 440.0],
    "vignette_radius": 930.0,
    "vignette_clear_stop": 0.62,
    "vignette_edge_rgba": [106, 97, 76, 65],
    "paper_grain_opacity": 0.0
  },
  "uplight_gradient": {
    "top_rgba": [142, 110, 73, 255],
    "middle_rgba": [174, 126, 70, 255],
    "bottom_rgba": [169, 119, 65, 255],
    "middle_stop": 0.60,
    "halo_center": [750.0, 920.0],
    "halo_radius": 930.0,
    "halo_inner_rgba": [255, 181, 83, 180],
    "halo_middle_rgba": [242, 160, 72, 170],
    "halo_middle_stop": 0.52,
    "halo_shoulder_rgba": [218, 143, 68, 40],
    "halo_shoulder_stop": 0.72,
    "halo_outer_rgba": [211, 137, 69, 0],
    "hotspot_center": [750.0, 930.0],
    "hotspot_radius": 470.0,
    "hotspot_inner_rgba": [255, 245, 110, 220],
    "hotspot_middle_rgba": [255, 195, 65, 145],
    "hotspot_middle_stop": 0.48,
    "hotspot_outer_rgba": [255, 146, 44, 0],
    "bloom_center": [750.0, 940.0],
    "bloom_radius": 330.0,
    "bloom_inner_rgba": [255, 246, 95, 225],
    "bloom_middle_rgba": [255, 215, 65, 90],
    "bloom_middle_stop": 0.52,
    "bloom_outer_rgba": [255, 220, 130, 0],
    "vignette_center": [750.0, 650.0],
    "vignette_radius": 890.0,
    "vignette_clear_stop": 0.34,
    "vignette_edge_rgba": [9, 10, 12, 120],
    "paper_grain_opacity": 0.100
  },
  "dark_gradient": {
    "top_rgba": [20, 22, 23, 255],
    "middle_rgba": [27, 28, 28, 255],
    "bottom_rgba": [25, 24, 23, 255],
    "middle_stop": 0.58,
    "ambient_center": [750.0, 410.0],
    "ambient_radius": 900.0,
    "ambient_inner_rgba": [68, 66, 61, 55],
    "ambient_outer_rgba": [40, 40, 38, 0],
    "glow_center": [750.0, 940.0],
    "glow_radius": 720.0,
    "glow_inner_rgba": [190, 92, 35, 100],
    "glow_middle_rgba": [112, 59, 34, 38],
    "glow_middle_stop": 0.58,
    "glow_outer_rgba": [80, 43, 30, 0],
    "vignette_center": [750.0, 500.0],
    "vignette_radius": 940.0,
    "vignette_clear_stop": 0.42,
    "vignette_edge_rgba": [0, 0, 0, 120],
    "paper_grain_opacity": 0.220
  },
  "palettes": {
    "classic-warm": {
      "ribbon_rgba": [224, 212, 187, 225],
      "scale_outer_rgba": [30, 36, 38, 255],
      "scale_separator_rgba": [246, 237, 216, 255],
      "scale_calibration_rgba": [126, 62, 54, 235],
      "scale_inner_rgba": [48, 65, 91, 255],
      "major_tick_rgba": [35, 42, 46, 255],
      "minor_tick_rgba": [55, 72, 91, 230],
      "text_rgba": [35, 42, 46, 255],
      "secondary_text_rgba": [54, 61, 66, 255],
      "swr_guide_rgba": [161, 74, 58, 230],
      "swr_label_rgba": [45, 45, 42, 255],
      "needle_rgba": [18, 22, 25, 255],
      "needle_edge_rgba": [2, 4, 5, 210],
      "needle_highlight_rgba": [132, 132, 124, 175],
      "needle_shadow_rgba": [0, 0, 0, 80],
      "needle_soft_shadow_rgba": [0, 0, 0, 28],
      "mask_fill_rgba": [34, 40, 47, 255],
      "mask_edge_rgba": [87, 99, 110, 255],
      "mask_text_rgba": [234, 238, 241, 255]
    },
    "dark-room-uplight": {
      "ribbon_rgba": [224, 212, 187, 225],
      "scale_outer_rgba": [30, 36, 38, 255],
      "scale_separator_rgba": [117, 75, 48, 150],
      "scale_calibration_rgba": [126, 62, 54, 235],
      "scale_inner_rgba": [48, 65, 91, 255],
      "major_tick_rgba": [35, 42, 46, 255],
      "minor_tick_rgba": [55, 72, 91, 230],
      "text_rgba": [35, 42, 46, 255],
      "secondary_text_rgba": [54, 61, 66, 255],
      "swr_guide_rgba": [161, 74, 58, 230],
      "swr_label_rgba": [45, 45, 42, 255],
      "needle_rgba": [18, 22, 25, 255],
      "needle_edge_rgba": [2, 4, 5, 210],
      "needle_highlight_rgba": [132, 132, 124, 175],
      "needle_shadow_rgba": [0, 0, 0, 80],
      "needle_soft_shadow_rgba": [0, 0, 0, 28],
      "mask_fill_rgba": [34, 40, 47, 255],
      "mask_edge_rgba": [87, 99, 110, 255],
      "mask_text_rgba": [234, 238, 241, 255]
    },
    "graphite-dark": {
      "ribbon_rgba": [44, 43, 40, 225],
      "scale_outer_rgba": [202, 188, 159, 255],
      "scale_separator_rgba": [126, 95, 73, 225],
      "scale_calibration_rgba": [119, 71, 59, 235],
      "scale_inner_rgba": [59, 84, 105, 255],
      "major_tick_rgba": [205, 191, 162, 255],
      "minor_tick_rgba": [151, 139, 117, 230],
      "text_rgba": [205, 190, 158, 255],
      "secondary_text_rgba": [179, 162, 132, 255],
      "swr_guide_rgba": [139, 77, 58, 225],
      "swr_label_rgba": [205, 190, 158, 255],
      "needle_rgba": [202, 197, 183, 255],
      "needle_edge_rgba": [82, 78, 69, 220],
      "needle_highlight_rgba": [240, 234, 216, 255],
      "needle_shadow_rgba": [0, 0, 0, 105],
      "needle_soft_shadow_rgba": [0, 0, 0, 36],
      "mask_fill_rgba": [20, 23, 26, 255],
      "mask_edge_rgba": [64, 69, 74, 255],
      "mask_text_rgba": [219, 207, 181, 255]
    }
  }
}
